{
  "project_info": {
    "project_number": "162768518117",
    "project_id": "upfyet",
    "storage_bucket": "upfyet.appspot.com"
  },
  "client": [
    {
      "client_info": {
        "mobilesdk_app_id": "1:162768518117:android:6c743662354d1a2cc4cd0c",
        "android_client_info": {
          "package_name": "com.example.up_fyet"
        }
      },
      "oauth_client": [
        {
          "client_id": "162768518117-u6o3e4pn4mkedafjc9ja299pp7gr3q30.apps.googleusercontent.com",
          "client_type": 3
        }
      ],
      "api_key": [
        {
          "current_key": "AIzaSyB9beLQtoCyHaSoQ9vvti_8t4TNXeA5M0E"
        }
      ],
      "services": {
        "appinvite_service": {
          "other_platform_oauth_client": [
            {
              "client_id": "162768518117-u6o3e4pn4mkedafjc9ja299pp7gr3q30.apps.googleusercontent.com",
              "client_type": 3
            }
          ]
        }
      }
    }
  ],
  "configuration_version": "1"
}